      Date & Time,  Trans,  Elap Time,  Data Trans,  Resp Time,  Trans Rate,  Throughput,  Concurrent,    OKAY,   Failed
**** wordpress-php5-c1 ****
2015-12-20 11:53:34,    200,       4.27,           0,       0.02,       46.84,        0.00,        1.00,     200,       0
**** wordpress-php5-c10 ****
2015-12-20 11:53:46,   2000,      12.08,           6,       0.06,      165.56,        0.50,        9.78,    2000,       0
**** wordpress-php5-c20 ****
2015-12-20 11:54:09,   4000,      23.56,          13,       0.12,      169.78,        0.55,       19.60,    4000,       0
**** wordpress-php5-c50 ****
2015-12-20 11:55:10,  10000,      60.63,          33,       0.30,      164.93,        0.54,       48.76,   10000,       0
**** wordpress-php5-c100 ****
2015-12-20 11:57:11,  20000,     121.19,          66,       0.59,      165.03,        0.54,       97.19,   20000,       0
**** wordpress-php5-c200 ****
2015-12-20 11:57:17,    971,       6.42,           3,       1.26,      151.25,        0.47,      191.04,     971,    1084
**** wordpress-php5-c300 ****
2015-12-20 11:57:19,    132,       1.22,           0,       1.05,      108.20,        0.00,      113.16,     132,    1191
**** wordpress-php5-c400 ****
2015-12-20 11:57:20,    222,       1.61,           0,       1.36,      137.89,        0.00,      187.38,     222,    1201
**** wordpress-php5-c500 ****
2015-12-20 11:57:22,    200,       1.64,           0,       1.62,      121.95,        0.00,      197.76,     200,    1323
**** wordpress-php7-c1 ****
2015-12-20 11:57:49,    200,       2.01,           0,       0.01,       99.50,        0.00,        1.00,     200,       0
**** wordpress-php7-c10 ****
2015-12-20 11:57:55,   2000,       5.25,           6,       0.03,      380.95,        1.14,        9.80,    2000,       0
**** wordpress-php7-c20 ****
2015-12-20 11:58:05,   4000,      10.72,          13,       0.05,      373.13,        1.21,       19.26,    4000,       0
**** wordpress-php7-c50 ****
2015-12-20 11:58:33,  10000,      27.45,          33,       0.14,      364.30,        1.20,       49.23,   10000,       0
**** wordpress-php7-c100 ****
2015-12-20 11:59:29,  20000,      56.36,          66,       0.27,      354.86,        1.17,       97.50,   20000,       0
**** wordpress-php7-c200 ****
2015-12-20 11:59:30,    171,       0.55,           0,       0.45,      310.91,        0.00,      138.67,     171,    1053
**** wordpress-php7-c300 ****
2015-12-20 11:59:31,    233,       1.07,           0,       0.57,      217.76,        0.00,      123.82,     233,    1099
**** wordpress-php7-c400 ****
2015-12-20 11:59:32,    244,       1.22,           1,       0.79,      200.00,        0.82,      158.96,     244,    1200
**** wordpress-php7-c500 ****
2015-12-20 11:59:33,    334,       1.44,           1,       1.06,      231.94,        0.69,      245.27,     334,    1196
**** wordpress-hhvm-c1 ****
2015-12-20 12:00:07,    200,       7.74,           0,       0.04,       25.84,        0.00,        1.00,     200,       0
**** wordpress-hhvm-c10 ****
2015-12-20 12:00:13,   2000,       5.37,           6,       0.03,      372.44,        1.12,        9.67,    2000,       0
**** wordpress-hhvm-c20 ****
2015-12-20 12:00:23,   4000,      10.42,          13,       0.05,      383.88,        1.25,       18.99,    4000,       0
**** wordpress-hhvm-c50 ****
2015-12-20 12:00:44,  10000,      21.20,          32,       0.11,      471.70,        1.51,       49.81,   10000,       0
**** wordpress-hhvm-c100 ****
2015-12-20 12:01:26,  20000,      42.17,          65,       0.21,      474.27,        1.54,       99.68,   20000,       0
**** wordpress-hhvm-c200 ****
2015-12-20 12:02:51,  39965,      84.66,         131,       0.42,      472.06,        1.55,      199.43,   39965,      35
**** wordpress-hhvm-c300 ****
2015-12-20 12:04:58,  59998,     126.66,         197,       0.63,      473.69,        1.56,      299.22,   59998,       2
**** wordpress-hhvm-c400 ****
2015-12-20 12:05:00,    876,       1.87,           2,       0.64,      468.45,        1.07,      301.65,     876,    1040
**** wordpress-hhvm-c500 ****
2015-12-20 12:05:56,  26670,      55.84,          87,       1.04,      477.61,        1.56,      495.31,   26670,    1024
